id,PG,SG,SF,PF,C,sum,label_name
Al Harrington,0,0,1,1,1,43,Al Harrington
Al Jefferson,0,0,0,1,1,254,Al Jefferson
Amar'e Stoudemire,0,0,0,1,1,147,Amar'e Stoudemire
Andray Blatche,0,0,0,1,1,80,Andray Blatche
Anthony Morrow,0,1,0,0,0,83,Anthony Morrow
Antonio McDyess,0,0,0,1,1,3,Antonio McDyess
Arron Afflalo,0,1,1,0,0,101,Arron Afflalo
Avery Bradley,1,1,0,0,0,112,Avery Bradley
Ben Gordon,0,1,0,0,0,111,Ben Gordon
Ben Wallace,0,0,0,1,1,18,Ben Wallace
Bismack Biyombo,0,0,0,0,1,71,Bismack Biyombo
Blake Griffin,0,0,0,1,0,485,Blake Griffin
Brandon Bass,0,0,0,1,1,57,Brandon Bass
Brandon Knight,1,1,0,0,0,204,Brandon Knight
Brandon Roy,0,1,0,0,0,110,Brandon Roy
Brandon Rush,0,1,1,0,0,36,Brandon Rush
Brian Cardinal,0,0,1,1,0,3,Brian Cardinal
Brook Lopez,0,0,0,0,1,243,Brook Lopez
C.J. Miles,1,1,1,0,0,52,C.J. Miles
Carmelo Anthony,0,0,1,1,0,514,Carmelo Anthony
Caron Butler,0,1,1,0,0,151,Caron Butler
Chris Andersen,0,0,0,1,1,80,Chris Andersen
Chris Bosh,0,0,0,1,1,514,Chris Bosh
Chris Duhon,1,0,0,0,0,23,Chris Duhon
Chris Paul,1,0,0,0,0,668,Chris Paul
Corey Brewer,0,1,1,0,0,127,Corey Brewer
Daniel Orton,0,0,0,1,1,13,Daniel Orton
Danilo Gallinari,0,1,1,1,0,159,Danilo Gallinari
Danny Granger,0,0,1,0,0,167,Danny Granger
Darius Morris,1,0,0,0,0,22,Darius Morris
Darren Collison,1,0,0,0,0,138,Darren Collison
David Lee,0,0,0,0,0,284,David Lee
David West,0,0,1,1,0,293,David West
Delonte West,1,1,0,0,0,24,Delonte West
Derek Fisher,1,1,0,0,0,205,Derek Fisher
Deron Williams,1,0,0,0,0,362,Deron Williams
Derrick Brown,0,0,1,0,0,6,Derrick Brown
Derrick Favors,0,0,0,1,0,159,Derrick Favors
Derrick Rose,1,0,0,0,0,538,Derrick Rose
Derrick Williams,0,0,1,1,0,115,Derrick Williams
DeShawn Stevenson,0,1,1,0,0,58,DeShawn Stevenson
Dexter Pittman,0,0,0,0,1,24,Dexter Pittman
Dirk Nowitzki,0,0,0,1,1,396,Dirk Nowitzki
Dominique Jones,1,1,0,0,0,15,Dominique Jones
Dwight Howard,0,0,0,1,1,733,Dwight Howard
Dwyane Wade,1,1,0,0,0,277,Dwyane Wade
Emeka Okafor,0,0,0,1,1,89,Emeka Okafor
George Hill,1,0,0,0,0,167,George Hill
Gerald Henderson,0,0,0,0,0,133,Gerald Henderson
Gordon Hayward,0,0,1,0,0,164,Gordon Hayward
Grant Hill,0,1,1,0,0,132,Grant Hill
Greg Monroe,0,0,0,1,1,233,Greg Monroe
Greg Oden,0,0,0,0,1,115,Greg Oden
Hedo Turkoglu,0,0,1,1,0,53,Hedo Turkoglu
J.J. Barea,1,1,0,0,0,107,J.J. Barea
J.J. Redick,1,1,0,0,0,178,J.J. Redick
J.R. Smith,0,1,1,0,0,301,J.R. Smith
Jamal Crawford,1,1,0,0,0,189,Jamal Crawford
Jameer Nelson,1,0,0,0,0,161,Jameer Nelson
James Anderson,0,1,1,0,0,18,James Anderson
Jason Kidd,1,1,0,0,0,445,Jason Kidd
Jason Terry,1,1,0,0,0,185,Jason Terry
JaVale McGee,0,0,0,0,1,129,JaVale McGee
Jeff Green,0,0,1,1,0,150,Jeff Green
Jeremy Evans,0,0,1,1,0,26,Jeremy Evans
Jermaine O'Neal,0,0,0,1,1,115,Jermaine O'Neal
Joel Anthony,0,0,0,1,1,49,Joel Anthony
Joel Przybilla,0,0,0,0,1,11,Joel Przybilla
John Wall,1,0,0,0,0,366,John Wall
Jonas Jerebko,0,0,0,1,0,28,Jonas Jerebko
Jordan Crawford,0,1,0,0,0,73,Jordan Crawford
Jordan Farmar,1,0,0,0,0,55,Jordan Farmar
Jordan Hamilton,0,0,1,0,0,29,Jordan Hamilton
Josh Howard,0,0,1,0,0,40,Josh Howard
Juwan Howard,0,0,1,1,1,28,Juwan Howard
Kawhi Leonard,0,0,1,0,0,321,Kawhi Leonard
Kemba Walker,1,0,0,0,0,224,Kemba Walker
Kenneth Faried,0,0,0,1,0,191,Kenneth Faried
Kenyon Martin,0,0,0,1,1,103,Kenyon Martin
Kevin Durant,0,1,1,0,0,765,Kevin Durant
Kevin Garnett,0,0,1,1,1,496,Kevin Garnett
Kevin Love,0,0,0,1,1,691,Kevin Love
Kobe Bryant,0,1,1,0,0,692,Kobe Bryant
Kris Humphries,0,0,1,1,0,94,Kris Humphries
Kyle Singler,0,0,1,0,0,84,Kyle Singler
LeBron James,0,1,1,1,0,1629,LeBron James
Manu Ginobili,0,1,0,0,0,386,Manu Ginobili
Marco Belinelli,1,1,1,0,0,114,Marco Belinelli
Matt Carroll,0,1,0,0,0,8,Matt Carroll
Metta World Peace,0,0,1,0,0,159,Metta World Peace
Mike Miller,0,1,1,0,0,174,Mike Miller
Monta Ellis,1,1,0,0,0,266,Monta Ellis
Nene,0,0,0,1,1,196,Nene
Nick Young,0,1,0,0,0,151,Nick Young
Paul George,0,1,1,0,0,378,Paul George
Paul Millsap,0,0,0,1,0,283,Paul Millsap
Paul Pierce,0,1,1,0,0,395,Paul Pierce
Peja Stojakovic,0,0,1,0,0,17,Peja Stojakovic
Quincy Pondexter,0,1,1,0,0,67,Quincy Pondexter
Rajon Rondo,1,0,0,0,0,378,Rajon Rondo
Rashard Lewis,0,0,1,1,0,73,Rashard Lewis
Ray Allen,0,1,0,0,0,281,Ray Allen
Richard Hamilton,0,1,1,0,0,71,Richard Hamilton
Richard Jefferson,0,0,1,0,0,70,Richard Jefferson
Ricky Rubio,1,0,0,0,0,342,Ricky Rubio
Robin Lopez,0,0,0,0,1,150,Robin Lopez
Rodney Stuckey,1,1,0,0,0,110,Rodney Stuckey
Roy Hibbert,0,0,0,0,1,316,Roy Hibbert
Ryan Anderson,0,0,0,1,0,141,Ryan Anderson
Ryan Hollins,0,0,0,1,1,31,Ryan Hollins
Samuel Dalembert,0,0,0,0,1,95,Samuel Dalembert
Shane Battier,0,1,1,0,0,173,Shane Battier
Shannon Brown,0,1,0,0,0,48,Shannon Brown
Shawn Marion,0,0,1,1,0,149,Shawn Marion
Stephen Curry,1,0,0,0,0,628,Stephen Curry
Steve Nash,1,0,0,0,0,357,Steve Nash
Sundiata Gaines,1,1,0,0,0,3,Sundiata Gaines
Tayshaun Prince,0,0,1,0,0,129,Tayshaun Prince
Tim Duncan,0,0,0,1,1,536,Tim Duncan
Tony Parker,1,0,0,0,0,531,Tony Parker
Trevor Ariza,0,1,1,0,0,100,Trevor Ariza
Ty Lawson,1,0,0,0,0,252,Ty Lawson
Tyler Hansbrough,0,0,0,1,0,85,Tyler Hansbrough
Tyrus Thomas,0,0,0,1,1,28,Tyrus Thomas
Tyson Chandler,0,0,0,1,1,326,Tyson Chandler
Udonis Haslem,0,0,0,1,0,157,Udonis Haslem
Wilson Chandler,0,1,1,1,0,89,Wilson Chandler
Yao Ming,0,0,0,0,1,64,Yao Ming
Al Horford,0,0,0,0,1,347,Al Horford
Al-Farouq Aminu,0,0,1,0,0,51,Al-Farouq Aminu
Alec Burks,0,1,0,0,0,74,Alec Burks
Andrew Bogut,0,0,0,1,1,259,Andrew Bogut
Andrew Bynum,0,0,0,0,1,194,Andrew Bynum
Andris Biedrins,0,0,0,0,1,36,Andris Biedrins
Andy Rautins,0,1,0,0,0,4,Andy Rautins
Anthony Parker,0,1,1,0,0,10,Anthony Parker
Anthony Tolliver,0,0,1,1,0,42,Anthony Tolliver
Baron Davis,1,0,0,0,0,45,Baron Davis
Beno Udrih,1,1,0,0,0,87,Beno Udrih
Blake Ahearn,1,0,0,0,0,4,Blake Ahearn
Brandan Wright,0,0,0,1,1,66,Brandan Wright
Brandon Jennings,1,0,0,0,0,204,Brandon Jennings
Brian Cook,0,0,0,1,1,5,Brian Cook
Carlos Boozer,0,0,0,1,1,156,Carlos Boozer
Channing Frye,0,0,0,1,1,47,Channing Frye
Charles Jenkins,1,1,0,0,0,11,Charles Jenkins
Charlie Bell,0,1,0,0,0,2,Charlie Bell
Chauncey Billups,1,1,0,0,0,121,Chauncey Billups
Chris Kaman,0,0,0,0,1,135,Chris Kaman
Chris Singleton,0,0,1,1,0,26,Chris Singleton
Chuck Hayes,0,0,0,1,1,35,Chuck Hayes
Courtney Fortson,1,0,0,0,0,2,Courtney Fortson
Daequan Cook,0,1,1,0,0,17,Daequan Cook
Damien Wilkins,0,1,1,0,0,20,Damien Wilkins
Darko Milicic,0,0,0,1,1,30,Darko Milicic
Darnell Jackson,0,0,0,1,0,2,Darnell Jackson
DeAndre Jordan,0,0,0,0,1,276,DeAndre Jordan
Dwight Buycks,1,0,0,0,0,8,Dwight Buycks
Earl Watson,1,0,0,0,0,45,Earl Watson
Eddy Curry,0,0,0,1,1,15,Eddy Curry
Enes Kanter,0,0,0,0,1,146,Enes Kanter
Eric Bledsoe,1,0,0,0,0,155,Eric Bledsoe
Eric Gordon,1,1,0,0,0,165,Eric Gordon
Gilbert Arenas,1,0,0,0,0,29,Gilbert Arenas
Glen Davis,0,0,0,1,1,85,Glen Davis
Goran Dragic,1,1,0,0,0,263,Goran Dragic
Iman Shumpert,1,1,0,0,0,217,Iman Shumpert
Isaiah Thomas,1,0,0,0,0,194,Isaiah Thomas
Jamaal Magloire,0,0,0,0,1,19,Jamaal Magloire
Jan Vesely,0,0,0,1,0,33,Jan Vesely
Jared Jeffries,0,0,1,1,0,13,Jared Jeffries
Jason Collins,0,0,0,1,1,66,Jason Collins
Jason Richardson,0,1,1,0,0,73,Jason Richardson
Jeff Foster,0,0,0,0,1,3,Jeff Foster
Jeff Teague,1,0,0,0,0,272,Jeff Teague
Jeremy Lin,1,1,0,0,0,323,Jeremy Lin
Jeremy Pargo,1,1,0,0,0,26,Jeremy Pargo
Jeremy Tyler,0,0,0,0,1,22,Jeremy Tyler
Jerome Dyson,1,0,0,0,0,4,Jerome Dyson
Jerry Stackhouse,0,1,1,0,0,47,Jerry Stackhouse
Jimmer Fredette,1,1,0,0,0,59,Jimmer Fredette
John Salmons,1,1,1,0,0,59,John Salmons
Jon Leuer,0,0,0,1,1,42,Jon Leuer
Josh Davis,0,0,0,1,0,1,Josh Davis
Josh Harrellson,0,0,0,1,1,17,Josh Harrellson
Josh Selby,1,0,0,0,0,25,Josh Selby
Josh Smith,0,0,1,1,0,343,Josh Smith
Justin Dentmon,1,0,0,0,0,7,Justin Dentmon
Keith Benson,0,0,0,0,1,3,Keith Benson
Keith Bogans,0,1,1,0,0,36,Keith Bogans
Kendrick Perkins,0,0,0,0,1,172,Kendrick Perkins
Kevin Martin,1,1,0,0,0,189,Kevin Martin
Keyon Dooling,1,1,0,0,0,13,Keyon Dooling
Klay Thompson,0,1,0,0,0,396,Klay Thompson
Kurt Thomas,0,0,0,1,1,39,Kurt Thomas
Kyle Korver,0,1,1,1,0,300,Kyle Korver
Kyrie Irving,1,0,0,0,0,645,Kyrie Irving
Lamar Odom,0,0,1,1,0,99,Lamar Odom
LaMarcus Aldridge,0,0,0,1,1,259,LaMarcus Aldridge
Lance Thomas,0,0,1,1,0,30,Lance Thomas
Landry Fields,0,1,1,0,0,64,Landry Fields
Lavoy Allen,0,0,0,1,1,45,Lavoy Allen
Luis Scola,0,0,0,1,0,122,Luis Scola
Luol Deng,0,0,1,1,0,293,Luol Deng
Marc Gasol,0,0,0,0,1,389,Marc Gasol
Marcin Gortat,0,0,0,1,1,147,Marcin Gortat
Marcus Camby,0,0,0,1,1,83,Marcus Camby
Marcus Cousin,0,0,0,0,1,122,Marcus Cousin
Marcus Thornton,0,1,0,0,0,94,Marcus Thornton
Mario Chalmers,1,0,0,0,0,218,Mario Chalmers
Markieff Morris,0,0,0,1,0,69,Markieff Morris
Marquis Daniels,0,1,1,0,0,18,Marquis Daniels
Martell Webster,0,0,1,0,0,100,Martell Webster
Matt Barnes,0,0,1,1,0,112,Matt Barnes
Michael Beasley,0,0,1,1,0,106,Michael Beasley
Mickael Pietrus,1,1,1,0,0,24,Mickael Pietrus
Mickell Gladness,0,0,0,1,0,6,Mickell Gladness
Mike Bibby,1,0,0,0,0,15,Mike Bibby
Mike Conley,1,0,0,0,0,266,Mike Conley
Mike Dunleavy,0,0,0,0,0,158,Mike Dunleavy
Mikki Moore,0,0,0,1,1,1,Mikki Moore
Mo Williams,1,1,0,0,0,158,Mo Williams
Nate Robinson,1,0,0,0,0,150,Nate Robinson
Nazr Mohammed,0,0,0,0,1,53,Nazr Mohammed
Nicolas Batum,0,0,1,0,0,202,Nicolas Batum
Nikola Pekovic,0,0,0,0,1,240,Nikola Pekovic
Nikola Vucevic,0,0,0,0,1,118,Nikola Vucevic
Patrick Ewing,0,0,0,0,0,80,Patrick Ewing
Pau Gasol,0,0,0,1,1,492,Pau Gasol
Rasual Butler,0,1,1,0,0,16,Rasual Butler
Reggie Jackson,1,0,0,0,0,165,Reggie Jackson
Reggie Williams,0,0,0,0,0,13,Reggie Williams
Roger Mason,1,1,1,0,0,41,Roger Mason
Ronny Turiaf,0,0,0,0,1,74,Ronny Turiaf
Rudy Gay,0,0,1,0,0,278,Rudy Gay
Russell Westbrook,1,0,0,0,0,636,Russell Westbrook
Ryan Gomes,0,0,1,1,0,9,Ryan Gomes
Sebastian Telfair,1,0,0,0,0,42,Sebastian Telfair
Shaquille O'Neal,0,0,0,0,1,244,Shaquille O'Neal
Shaun Livingston,1,1,0,0,0,128,Shaun Livingston
Stephen Jackson,0,1,1,1,0,81,Stephen Jackson
Terrel Harris,0,1,0,0,0,14,Terrel Harris
Thaddeus Young,0,0,0,1,0,153,Thaddeus Young
Tobias Harris,0,0,1,1,0,92,Tobias Harris
Toney Douglas,1,1,0,0,0,71,Toney Douglas
Tracy McGrady,0,1,1,0,0,24,Tracy McGrady
Travis Leslie,0,1,0,0,0,2,Travis Leslie
Travis Outlaw,0,0,1,1,0,18,Travis Outlaw
Trey Thompkins,0,0,0,0,1,1,Trey Thompkins
Tristan Thompson,0,0,0,1,0,222,Tristan Thompson
Tyler Honeycutt,0,0,1,0,0,7,Tyler Honeycutt
Tyreke Evans,0,1,1,0,0,183,Tyreke Evans
Vernon Macklin,0,0,0,0,1,1,Vernon Macklin
Vince Carter,0,1,1,0,0,158,Vince Carter
Vladimir Radmanovic,0,0,1,1,0,16,Vladimir Radmanovic
Walker Russell,0,0,0,0,0,3,Walker Russell
Wayne Ellington,0,1,0,0,0,77,Wayne Ellington
Xavier Silas,0,1,0,0,0,7,Xavier Silas
Zach Randolph,0,0,0,1,1,316,Zach Randolph
Aaron Brooks,1,0,0,0,0,67,Aaron Brooks
Andre Miller,1,1,0,0,0,158,Andre Miller
Andrei Kirilenko,0,0,1,1,0,156,Andrei Kirilenko
Anthony Carter,1,0,0,0,0,3,Anthony Carter
Anthony Randolph,0,0,0,1,1,39,Anthony Randolph
Austin Daye,0,0,1,0,0,48,Austin Daye
Boris Diaw,0,1,0,1,0,142,Boris Diaw
Brendan Haywood,0,0,0,0,1,64,Brendan Haywood
Carl Landry,0,0,0,1,0,99,Carl Landry
Chandler Parsons,0,0,1,0,0,191,Chandler Parsons
Charlie Villanueva,0,0,0,1,0,65,Charlie Villanueva
Corey Maggette,0,1,1,1,0,37,Corey Maggette
Craig Smith,0,0,0,1,0,2,Craig Smith
D.J. Augustin,1,0,0,0,0,57,D.J. Augustin
DeAndre Liggins,0,1,1,0,0,14,DeAndre Liggins
DeSagana Diop,0,0,0,1,1,9,DeSagana Diop
Devin Harris,1,1,0,0,0,147,Devin Harris
Dominic McGuire,0,1,1,1,0,13,Dominic McGuire
E'Twaun Moore,1,1,0,0,0,34,E'Twaun Moore
Earl Clark,0,0,1,1,0,47,Earl Clark
Eduardo Najera,0,0,1,1,0,7,Eduardo Najera
Eric Maynor,1,1,0,0,0,51,Eric Maynor
Gerald Green,0,1,1,0,0,85,Gerald Green
Gerald Wallace,0,0,1,1,0,140,Gerald Wallace
Greivis Vasquez,1,1,0,0,0,157,Greivis Vasquez
Ime Udoka,0,1,1,1,0,7,Ime Udoka
Ish Smith,1,0,0,0,0,47,Ish Smith
J.J. Hickson,0,0,0,1,1,97,J.J. Hickson
JaJuan Johnson,0,0,0,1,0,3,JaJuan Johnson
Jamaal Tinsley,1,0,0,0,0,41,Jamaal Tinsley
Jamario Moon,0,0,1,0,0,2,Jamario Moon
Jannero Pargo,1,1,0,0,0,31,Jannero Pargo
Jason Smith,0,0,0,1,1,70,Jason Smith
Jerome Jordan,0,0,0,0,1,9,Jerome Jordan
Joakim Noah,0,0,0,0,1,383,Joakim Noah
Joe Johnson,0,1,1,0,0,258,Joe Johnson
Josh McRoberts,0,0,0,1,1,103,Josh McRoberts
Justin Harper,0,0,0,1,0,3,Justin Harper
Kwame Brown,0,0,0,1,1,43,Kwame Brown
Kyle Lowry,1,0,0,0,0,266,Kyle Lowry
Lazar Hayward,0,0,1,0,0,12,Lazar Hayward
Luc Mbah a Moute,0,0,1,1,0,68,Luc Mbah a Moute
Luke Harangody,0,0,0,1,0,10,Luke Harangody
Luke Ridnour,1,1,0,0,0,108,Luke Ridnour
Malcolm Lee,0,1,0,0,0,39,Malcolm Lee
Malcolm Thomas,0,0,0,1,0,20,Malcolm Thomas
Manny Harris,0,1,0,0,0,9,Manny Harris
Marcus Landry,0,0,1,0,0,5,Marcus Landry
Marcus Morris,0,0,1,1,0,60,Marcus Morris
Norris Cole,1,0,0,0,0,91,Norris Cole
Omri Casspi,0,0,1,1,0,43,Omri Casspi
Ramon Sessions,1,1,0,0,0,104,Ramon Sessions
Raymond Felton,1,1,0,0,0,163,Raymond Felton
Ronnie Brewer,0,1,1,0,0,35,Ronnie Brewer
Ronnie Price,1,1,0,0,0,40,Ronnie Price
Rudy Fernandez,0,1,0,0,0,22,Rudy Fernandez
Sasha Pavlovic,0,1,1,0,0,16,Sasha Pavlovic
Semih Erden,0,0,0,0,1,9,Semih Erden
Serge Ibaka,0,0,0,1,0,271,Serge Ibaka
Shawne Williams,0,1,1,1,0,29,Shawne Williams
Shelden Williams,0,0,0,1,1,2,Shelden Williams
Wesley Matthews,0,1,0,0,0,162,Wesley Matthews
Will Bynum,1,1,0,0,0,59,Will Bynum
Zydrunas Ilgauskas,0,0,0,0,1,18,Zydrunas Ilgauskas
Byron Mullens,0,0,0,1,1,63,Byron Mullens
Chris Wilcox,0,0,0,1,1,24,Chris Wilcox
Cole Aldrich,0,0,0,0,1,31,Cole Aldrich
Cory Higgins,1,1,0,0,0,2,Cory Higgins
Damion James,0,0,1,0,0,7,Damion James
Dante Cunningham,0,0,1,1,0,65,Dante Cunningham
Darrell Arthur,0,0,1,1,0,48,Darrell Arthur
Gary Forbes,0,1,1,0,0,5,Gary Forbes
Gustavo Ayon,0,0,0,1,1,49,Gustavo Ayon
Jeff Adrien,0,0,0,1,0,18,Jeff Adrien
Jordan Williams,0,0,0,0,1,7,Jordan Williams
Kirk Hinrich,1,1,0,0,0,180,Kirk Hinrich
Lou Amundson,0,0,0,1,0,25,Lou Amundson
Mehmet Okur,0,0,0,1,1,7,Mehmet Okur
Melvin Ely,0,0,0,1,1,7,Melvin Ely
Sean Williams,0,0,0,1,1,6,Sean Williams
Antonio Daniels,1,1,0,0,0,1,Antonio Daniels
Carlos Delfino,0,1,1,0,0,68,Carlos Delfino
Drew Gooden,0,0,1,1,1,47,Drew Gooden
Hamed Haddadi,0,0,0,0,1,28,Hamed Haddadi
Jared Dudley,0,1,1,1,0,98,Jared Dudley
Michael Redd,0,1,1,0,0,5,Michael Redd
A.J. Price,1,1,0,0,0,46,A.J. Price
Aaron Gray,0,0,0,0,1,31,Aaron Gray
Alan Anderson,0,1,1,0,0,64,Alan Anderson
Alexey Shved,0,1,0,0,0,96,Alexey Shved
Amir Johnson,0,0,1,1,0,107,Amir Johnson
Anderson Varejao,0,0,0,1,1,206,Anderson Varejao
Andre Drummond,0,0,0,0,1,236,Andre Drummond
Andre Iguodala,0,1,1,0,0,295,Andre Iguodala
Andrew Nicholson,0,0,0,1,0,78,Andrew Nicholson
Anthony Davis,0,0,0,1,1,480,Anthony Davis
Ben Hansbrough,1,0,0,0,0,12,Ben Hansbrough
Bradley Beal,0,1,0,0,0,199,Bradley Beal
Brian Roberts,1,0,0,0,0,59,Brian Roberts
Chase Budinger,0,0,1,0,0,98,Chase Budinger
Chris Douglas-Roberts,0,1,1,0,0,24,Chris Douglas-Roberts
Damian Lillard,1,0,0,0,0,378,Damian Lillard
Daniel Gibson,1,1,0,0,0,51,Daniel Gibson
Danny Green,0,1,0,0,0,183,Danny Green
DeMar DeRozan,0,1,0,0,0,196,DeMar DeRozan
DeQuan Jones,0,0,1,0,0,14,DeQuan Jones
Dion Waiters,0,1,0,0,0,228,Dion Waiters
Dorell Wright,0,0,1,0,0,88,Dorell Wright
Draymond Green,0,0,1,1,0,244,Draymond Green
Ed Davis,0,0,0,1,1,94,Ed Davis
Ekpe Udoh,0,0,0,1,1,42,Ekpe Udoh
Elton Brand,0,0,0,1,1,117,Elton Brand
Evan Fournier,0,1,1,0,0,55,Evan Fournier
Evan Turner,0,1,1,0,0,170,Evan Turner
Festus Ezeli,0,0,0,0,1,95,Festus Ezeli
Francisco Garcia,0,1,1,0,0,51,Francisco Garcia
Garrett Temple,1,1,1,0,0,35,Garrett Temple
Gary Neal,0,1,0,0,0,122,Gary Neal
Greg Smith,0,0,0,0,0,39,Greg Smith
Harrison Barnes,0,0,1,0,0,153,Harrison Barnes
Ian Mahinmi,0,0,0,0,1,53,Ian Mahinmi
James Harden,0,1,0,0,0,597,James Harden
Jared Sullinger,0,0,0,1,0,111,Jared Sullinger
Jarrett Jack,1,1,0,0,0,68,Jarrett Jack
Jason Maxiell,0,0,0,1,1,33,Jason Maxiell
Jason Thompson,0,0,0,1,1,72,Jason Thompson
Jeff Taylor,0,0,0,0,0,39,Jeff Taylor
Jerryd Bayless,1,1,0,0,0,89,Jerryd Bayless
Johan Petro,0,0,0,0,1,28,Johan Petro
John Henson,0,0,0,1,1,113,John Henson
John Jenkins,0,1,0,0,0,76,John Jenkins
Jordan Hill,0,0,0,1,1,85,Jordan Hill
Jose Calderon,1,1,0,0,0,136,Jose Calderon
Jrue Holiday,1,0,0,0,0,221,Jrue Holiday
Julyan Stone,1,1,0,0,0,11,Julyan Stone
Kendall Marshall,1,0,0,0,0,102,Kendall Marshall
Kevin Jones,0,0,0,1,0,11,Kevin Jones
Kevin Seraphin,0,0,0,1,1,59,Kevin Seraphin
Lance Stephenson,0,1,1,0,0,282,Lance Stephenson
Larry Sanders,0,0,0,1,1,194,Larry Sanders
Lou Williams,1,1,0,0,0,144,Lou Williams
Marquis Teague,1,1,0,0,0,54,Marquis Teague
Marreese Speights,0,0,0,1,1,92,Marreese Speights
MarShon Brooks,0,1,0,0,0,39,MarShon Brooks
Marvin Williams,0,0,1,1,0,143,Marvin Williams
Matt Bonner,0,0,0,1,1,60,Matt Bonner
Maurice Harkless,0,0,1,0,0,69,Maurice Harkless
Michael Kidd-Gilchrist,0,0,1,0,0,196,Michael Kidd-Gilchrist
Mirza Teletovic,0,0,1,1,0,70,Mirza Teletovic
Nando De Colo,0,1,1,0,0,53,Nando De Colo
Nick Collison,0,0,0,1,1,68,Nick Collison
O.J. Mayo,0,1,0,0,0,126,O.J. Mayo
Omer Asik,0,0,0,0,1,154,Omer Asik
P.J. Tucker,0,1,1,0,0,57,P.J. Tucker
Pablo Prigioni,1,0,0,0,0,91,Pablo Prigioni
Patrick Patterson,0,0,0,1,0,93,Patrick Patterson
Randy Foye,1,1,0,0,0,101,Randy Foye
Rasheed Wallace,0,0,0,1,1,70,Rasheed Wallace
Reggie Evans,0,0,0,1,0,95,Reggie Evans
Royce White,0,0,0,1,0,41,Royce White
Sam Young,0,1,1,0,0,24,Sam Young
Samardo Samuels,0,0,0,1,1,9,Samardo Samuels
Spencer Hawes,0,0,0,1,1,149,Spencer Hawes
Steve Novak,0,0,1,1,0,87,Steve Novak
Taj Gibson,0,0,0,1,0,199,Taj Gibson
Terrence Ross,0,1,1,0,0,91,Terrence Ross
Thabo Sefolosha,0,1,1,0,0,158,Thabo Sefolosha
Thomas Robinson,0,0,0,1,0,83,Thomas Robinson
Tiago Splitter,0,0,0,1,1,184,Tiago Splitter
Tim Hardaway,0,0,0,0,0,87,Tim Hardaway
Timofey Mozgov,0,0,0,0,1,121,Timofey Mozgov
Tony Allen,1,1,0,0,0,145,Tony Allen
Tornike Shengelia,0,0,1,0,0,13,Tornike Shengelia
Trevor Booker,0,0,0,1,0,41,Trevor Booker
Tyler Zeller,0,0,0,0,1,123,Tyler Zeller
Tyshawn Taylor,1,0,0,0,0,30,Tyshawn Taylor
Wesley Johnson,0,1,1,0,0,51,Wesley Johnson
Willie Green,0,1,0,0,0,47,Willie Green
Yi Jianlian,0,0,0,1,0,8,Yi Jianlian
Andrea Bargnani,0,0,0,1,1,105,Andrea Bargnani
Armon Johnson,1,0,0,0,0,2,Armon Johnson
Brad Miller,0,0,0,1,1,16,Brad Miller
C.J. Watson,1,0,0,0,0,109,C.J. Watson
Courtney Lee,0,1,0,0,0,91,Courtney Lee
D.J. White,0,0,0,1,1,11,D.J. White
DeJuan Blair,0,0,0,1,1,48,DeJuan Blair
Earl Barron,0,0,0,0,1,10,Earl Barron
Ike Diogu,0,0,0,1,0,12,Ike Diogu
Mike James,1,0,0,0,0,40,Mike James
Nolan Smith,1,0,0,0,0,8,Nolan Smith
Tony Battie,0,0,0,1,1,2,Tony Battie
Zaza Pachulia,0,0,0,0,1,120,Zaza Pachulia
Dennis Horner,0,0,0,1,0,1,Dennis Horner
Larry Owens,0,0,1,0,0,1,Larry Owens
Linas Kleiza,0,0,1,1,0,23,Linas Kleiza
Mike Harris,0,0,0,1,0,3,Mike Harris
Antawn Jamison,0,0,1,1,0,66,Antawn Jamison
Christian Eyenga,0,0,1,0,0,8,Christian Eyenga
Donald Sloan,1,1,0,0,0,26,Donald Sloan
Ersan Ilyasova,0,0,0,1,0,130,Ersan Ilyasova
Kosta Koufos,0,0,0,0,1,61,Kosta Koufos
Alonzo Gee,0,1,1,0,0,62,Alonzo Gee
Mychel Thompson,0,1,0,0,0,4,Mychel Thompson
Raja Bell,0,1,0,0,0,21,Raja Bell
Ben Uzoh,1,0,0,0,0,4,Ben Uzoh
Erick Dampier,0,0,0,0,1,5,Erick Dampier
Ivan Johnson,0,0,0,1,0,46,Ivan Johnson
Kelly Oubre Jr.,0,0,1,0,0,12,Kelly Oubre Jr.
Stanley Johnson,0,0,1,0,0,65,Stanley Johnson
Andre Emmett,0,1,1,0,0,3,Andre Emmett
Dahntay Jones,0,1,1,0,0,52,Dahntay Jones
Renaldo Balkman,0,0,1,1,0,7,Renaldo Balkman
Rodrigue Beaubois,1,0,0,0,0,19,Rodrigue Beaubois
Bobby Simmons,0,1,1,1,0,3,Bobby Simmons
Jeff Foote,0,0,0,0,1,1,Jeff Foote
Jodie Meeks,0,1,0,0,0,87,Jodie Meeks
T.J. Ford,1,0,0,0,0,6,T.J. Ford
Greg Stiemsma,0,0,0,0,1,56,Greg Stiemsma
Hasheem Thabeet,0,0,0,0,1,35,Hasheem Thabeet
James Johnson,0,0,1,1,0,30,James Johnson
Jason Kapono,0,1,1,0,0,5,Jason Kapono
Jonny Flynn,1,0,0,0,0,16,Jonny Flynn
Luke Walton,0,0,1,1,0,87,Luke Walton
Patty Mills,1,0,0,0,0,45,Patty Mills
Steve Blake,1,0,0,0,0,116,Steve Blake
Terrence Williams,0,1,1,0,0,10,Terrence Williams
Alan Williams,0,0,0,1,0,9,Alan Williams
Andres Nocioni,0,0,1,1,0,10,Andres Nocioni
Cory Joseph,1,1,0,0,0,74,Cory Joseph
Elliot Williams,1,1,0,0,0,12,Elliot Williams
Kelenna Azubuike,0,1,1,0,0,8,Kelenna Azubuike
Leandro Barbosa,1,1,0,0,0,53,Leandro Barbosa
Royal Ivey,1,1,0,0,0,24,Royal Ivey
Ryan Reid,0,0,0,1,0,1,Ryan Reid
Austin Rivers,1,1,0,0,0,133,Austin Rivers
James Michael McAdoo,0,0,0,1,0,11,James Michael McAdoo
Lester Hudson,1,1,0,0,0,10,Lester Hudson
P.J. Hairston,0,1,1,0,0,36,P.J. Hairston
Reggie Bullock,0,0,1,0,0,26,Reggie Bullock
Chris Johnson,0,0,0,0,0,32,Chris Johnson
Quentin Richardson,0,1,1,0,0,20,Quentin Richardson
Devin Booker,0,1,0,0,0,28,Devin Booker
Devin Ebanks,0,1,1,0,0,18,Devin Ebanks
James Singleton,0,0,1,1,0,3,James Singleton
Archie Goodwin,1,1,0,0,0,24,Archie Goodwin
Dan Gadzuric,0,0,0,1,1,6,Dan Gadzuric
Darius Miller,0,0,1,0,0,28,Darius Miller
Doron Lamb,0,1,0,0,0,36,Doron Lamb
Jon Brockman,0,0,0,1,1,6,Jon Brockman
Morris Almond,0,1,0,0,0,1,Morris Almond
Nerlens Noel,0,0,0,1,1,163,Nerlens Noel
Terrence Jones,0,0,0,1,0,97,Terrence Jones
Alexis Ajinca,0,0,0,1,1,12,Alexis Ajinca
Cartier Martin,0,0,1,0,0,38,Cartier Martin
Chris Quinn,1,1,0,0,0,6,Chris Quinn
Chris Wright,0,0,0,0,0,12,Chris Wright
Joe Smith,0,0,1,1,1,3,Joe Smith
Larry Hughes,1,1,1,0,0,7,Larry Hughes
Troy Murphy,0,0,0,1,0,9,Troy Murphy
Casper Ware,1,0,0,0,0,5,Casper Ware
Jae Crowder,0,0,1,0,0,79,Jae Crowder
Kim English,0,1,0,0,0,15,Kim English
Meyers Leonard,0,0,0,1,1,59,Meyers Leonard
Miles Plumlee,0,0,0,0,1,54,Miles Plumlee
Robbie Hummel,0,0,1,0,0,18,Robbie Hummel
Arnett Moultrie,0,0,0,1,0,61,Arnett Moultrie
Jeremy Lamb,0,1,1,0,0,81,Jeremy Lamb
Xavier Henry,0,1,1,0,0,55,Xavier Henry
Cameron Payne,1,0,0,0,0,18,Cameron Payne
Justin Hamilton,0,0,0,0,1,25,Justin Hamilton
Mike Scott,0,0,0,1,0,63,Mike Scott
Robert Sacre,0,0,0,0,1,31,Robert Sacre
Bernard James,0,0,0,0,1,29,Bernard James
Kent Bazemore,0,1,1,0,0,42,Kent Bazemore
Kris Joseph,0,0,1,0,0,21,Kris Joseph
Perry Jones,0,0,1,1,0,44,Perry Jones
Quincy Acy,0,0,1,1,0,19,Quincy Acy
Andrew Goudelock,1,1,0,0,0,9,Andrew Goudelock
Darius Johnson-Odom,0,1,0,0,0,8,Darius Johnson-Odom
Furkan Aldemir,0,0,0,1,0,6,Furkan Aldemir
Jared Cunningham,0,1,0,0,0,22,Jared Cunningham
Khris Middleton,0,1,1,0,0,91,Khris Middleton
Orlando Johnson,0,1,0,0,0,27,Orlando Johnson
Donatas Motiejunas,0,0,0,1,0,59,Donatas Motiejunas
Fab Melo,0,0,0,0,1,6,Fab Melo
Kyle O'Quinn,0,0,0,1,1,38,Kyle O'Quinn
Ognjen Kuzmic,0,0,0,0,1,21,Ognjen Kuzmic
Darryl Watkins,0,0,0,0,1,2,Darryl Watkins
James White,0,1,1,0,0,13,James White
Joel Freeland,0,0,0,1,1,28,Joel Freeland
Pape Sy,0,0,1,0,0,1,Pape Sy
Victor Claver,0,0,1,0,0,27,Victor Claver
Will Barton,0,1,0,0,0,30,Will Barton
Hakim Warrick,0,0,0,1,0,21,Hakim Warrick
Hassan Whiteside,0,0,0,0,1,80,Hassan Whiteside
Jonas Valanciunas,0,0,0,0,1,126,Jonas Valanciunas
Josh Childress,0,1,1,0,0,7,Josh Childress
Kostas Papanikolaou,0,0,1,0,0,29,Kostas Papanikolaou
D.J. Kennedy,0,0,1,0,0,6,D.J. Kennedy
Chris Smith,0,0,0,0,0,12,Chris Smith
Dionte Christmas,0,0,1,0,0,7,Dionte Christmas
Maalik Wayns,1,0,0,0,0,32,Maalik Wayns
Nenad Krstic,0,0,0,1,1,9,Nenad Krstic
Jarvis Varnado,0,0,0,1,0,15,Jarvis Varnado
Scott Machado,1,0,0,0,0,4,Scott Machado
Shelvin Mack,1,1,0,0,0,12,Shelvin Mack
Jerel McNeal,1,0,0,0,0,5,Jerel McNeal
Francisco Elson,0,0,0,0,1,1,Francisco Elson
Hollis Thompson,0,1,1,0,0,10,Hollis Thompson
Jabari Parker,0,0,1,1,0,200,Jabari Parker
Rodney Carney,0,1,1,0,0,2,Rodney Carney
Kyrylo Fesenko,0,0,0,0,1,6,Kyrylo Fesenko
Luke Babbitt,0,0,1,1,0,13,Luke Babbitt
Tony Wroten,1,1,0,0,0,45,Tony Wroten
Will Conroy,1,1,0,0,0,7,Will Conroy
Justin Holiday,0,1,0,0,0,17,Justin Holiday
Nikola Mirotic,0,0,0,1,0,134,Nikola Mirotic
Solomon Jones,0,0,0,1,1,10,Solomon Jones
Kevin Murphy,0,1,0,0,0,15,Kevin Murphy
Seth Curry,1,0,0,0,0,21,Seth Curry
Chris Copeland,0,0,1,1,0,73,Chris Copeland
Diante Garrett,1,0,0,0,0,12,Diante Garrett
Jimmy Butler,0,1,1,0,0,212,Jimmy Butler
Luke Zeller,0,0,0,0,1,7,Luke Zeller
DeMarre Carroll,0,0,1,1,0,152,DeMarre Carroll
Quincy Miller,0,0,0,1,0,19,Quincy Miller
Viacheslav Kravtsov,0,0,0,0,1,8,Viacheslav Kravtsov
Ben McLemore,0,1,0,0,0,66,Ben McLemore
Matthew Dellavedova,1,1,0,0,0,76,Matthew Dellavedova
Michael Carter-Williams,1,0,0,0,0,156,Michael Carter-Williams
Patrick Beverley,1,0,0,0,0,90,Patrick Beverley
Pero Antic,0,0,0,1,0,44,Pero Antic
Shabazz Muhammad,0,1,1,0,0,81,Shabazz Muhammad
Solomon Hill,0,0,1,0,0,39,Solomon Hill
Tony Snell,0,1,1,0,0,45,Tony Snell
Trey Burke,1,0,0,0,0,85,Trey Burke
Victor Oladipo,1,1,0,0,0,134,Victor Oladipo
Mickael Gelabale,0,1,1,0,0,14,Mickael Gelabale
Aron Baynes,0,0,0,0,1,44,Aron Baynes
DaJuan Summers,0,0,1,1,0,7,DaJuan Summers
Tim Ohlbrecht,0,0,0,0,1,5,Tim Ohlbrecht
Donte Greene,0,0,1,1,0,8,Donte Greene
Henry Sims,0,0,0,0,1,17,Henry Sims
Josh Akognon,1,0,0,0,0,4,Josh Akognon
Kyle Weaver,0,1,0,0,0,1,Kyle Weaver
Orien Greene,1,1,0,0,0,1,Orien Greene
Ronald Dupree,0,0,1,0,0,1,Ronald Dupree
Shavlik Randolph,0,0,0,1,0,13,Shavlik Randolph
Tony Mitchell,0,0,0,0,0,18,Tony Mitchell
Willie Reed,0,0,0,1,0,3,Willie Reed
Brian Scalabrine,0,0,0,1,1,13,Brian Scalabrine
Cody Zeller,0,0,0,0,1,65,Cody Zeller
Joey Dorsey,0,0,0,1,1,16,Joey Dorsey
Sergey Karasev,0,1,1,0,0,24,Sergey Karasev
Jordan Adams,0,1,0,0,0,4,Jordan Adams
Willie Cauley-Stein,0,0,0,0,1,39,Willie Cauley-Stein
Russ Smith,1,0,0,0,0,22,Russ Smith
Jason Williams,1,0,0,0,0,4,Jason Williams
Anthony Bennett,0,0,0,1,0,85,Anthony Bennett
Brandon Davies,0,0,0,1,0,13,Brandon Davies
Carrick Felix,0,1,0,0,0,24,Carrick Felix
Ian Clark,0,1,0,0,0,10,Ian Clark
Jack Cooley,0,0,0,1,0,9,Jack Cooley
James Ennis,0,0,1,0,0,22,James Ennis
James Southerland,0,0,1,0,0,4,James Southerland
JaMychal Green,0,0,0,1,0,7,JaMychal Green
Robert Covington,0,0,1,0,0,25,Robert Covington
Shane Larkin,1,0,0,0,0,50,Shane Larkin
Jarron Collins,0,0,0,0,1,3,Jarron Collins
Otto Porter,0,0,1,0,0,79,Otto Porter
Alex Len,0,0,0,0,1,42,Alex Len
Allen Crabbe,0,1,0,0,0,18,Allen Crabbe
Andrew Wiggins,0,0,1,0,0,312,Andrew Wiggins
C.J. McCollum,0,1,0,0,0,53,C.J. McCollum
Gorgui Dieng,0,0,0,0,1,55,Gorgui Dieng
Jamaal Franklin,0,1,0,0,0,10,Jamaal Franklin
Jeff Withey,0,0,0,0,1,23,Jeff Withey
Kelly Olynyk,0,0,0,0,1,82,Kelly Olynyk
Kentavious Caldwell-Pope,0,1,0,0,0,40,Kentavious Caldwell-Pope
Lucas Nogueira,0,0,0,0,1,25,Lucas Nogueira
Marcus Smart,1,0,0,0,0,98,Marcus Smart
Mason Plumlee,0,0,0,1,1,85,Mason Plumlee
Nate Wolters,1,0,0,0,0,21,Nate Wolters
Rudy Gobert,0,0,0,0,1,80,Rudy Gobert
Steven Adams,0,0,0,0,1,27,Steven Adams
Ricky Ledo,0,1,0,0,0,14,Ricky Ledo
Phil Pressey,1,0,0,0,0,17,Phil Pressey
Isaiah Canaan,1,1,0,0,0,23,Isaiah Canaan
Elias Harris,0,0,1,0,0,4,Elias Harris
Nemanja Nedovic,0,1,0,0,0,20,Nemanja Nedovic
Ray McCallum,1,0,0,0,0,34,Ray McCallum
Ryan Kelly,0,0,0,1,0,24,Ryan Kelly
Toure' Murry,1,1,0,0,0,5,Toure' Murry
Vitor Faverani,0,0,0,0,1,11,Vitor Faverani
Andre Roberson,0,1,0,1,0,38,Andre Roberson
Arinze Onuaku,0,0,0,1,1,5,Arinze Onuaku
Erick Green,1,0,0,0,0,5,Erick Green
Erik Murphy,0,0,0,0,1,17,Erik Murphy
Gal Mekel,1,0,0,0,0,19,Gal Mekel
Giannis Antetokounmpo,1,1,1,0,0,89,Giannis Antetokounmpo
Grant Jerrett,0,0,0,1,0,17,Grant Jerrett
Joffrey Lauvergne,0,0,0,0,1,7,Joffrey Lauvergne
Lorenzo Brown,1,0,0,0,0,12,Lorenzo Brown
Mike Muscala,0,0,0,1,1,25,Mike Muscala
Nick Calathes,0,1,0,0,0,31,Nick Calathes
Peyton Siva,0,1,0,0,0,7,Peyton Siva
Raul Neto,1,0,0,0,0,6,Raul Neto
Dennis Schroder,1,0,0,0,0,50,Dennis Schroder
Gigi Datome,0,0,1,0,0,16,Gigi Datome
Miroslav Raduljica,0,0,0,0,1,16,Miroslav Raduljica
Othyus Jeffers,0,1,0,0,0,5,Othyus Jeffers
James Jones,0,1,1,0,0,40,James Jones
Bojan Bogdanovic,0,0,1,0,0,39,Bojan Bogdanovic
Eugene Jeter,1,0,0,0,0,1,Eugene Jeter
Zoran Dragic,0,1,0,0,0,18,Zoran Dragic
Tibor Pleiss,0,0,0,0,1,10,Tibor Pleiss
James Nunnally,0,0,1,0,0,2,James Nunnally
Kalin Lucas,1,0,0,0,0,5,Kalin Lucas
Patrick Christopher,0,1,0,0,0,4,Patrick Christopher
Jeff Ayres,0,0,0,1,1,3,Jeff Ayres
Sean Marks,0,0,0,1,1,7,Sean Marks
Troy Daniels,0,1,0,0,0,14,Troy Daniels
Dewayne Dedmon,0,0,0,0,1,7,Dewayne Dedmon
Jermaine Taylor,0,1,0,0,0,1,Jermaine Taylor
Josh Powell,0,0,0,1,1,2,Josh Powell
D'Angelo Russell,1,0,0,0,0,82,D'Angelo Russell
Elfrid Payton,1,0,0,0,0,113,Elfrid Payton
Frank Kaminsky,0,0,0,0,1,40,Frank Kaminsky
Jahlil Okafor,0,0,0,0,1,110,Jahlil Okafor
Kristaps Porzingis,0,0,0,1,0,84,Kristaps Porzingis
Zach LaVine,1,1,0,0,0,128,Zach LaVine
Hilton Armstrong,0,0,0,1,1,5,Hilton Armstrong
Jordan Clarkson,1,1,0,0,0,60,Jordan Clarkson
Jusuf Nurkic,0,0,0,0,1,53,Jusuf Nurkic
Markel Brown,0,1,0,0,0,9,Markel Brown
Tarik Black,0,0,0,0,1,17,Tarik Black
David Wear,0,0,0,1,0,2,David Wear
Sim Bhullar,0,0,0,0,1,8,Sim Bhullar
Shabazz Napier,1,0,0,0,0,51,Shabazz Napier
Bobby Portis,0,0,0,1,0,22,Bobby Portis
Cristiano Felicio,0,0,0,0,1,1,Cristiano Felicio
Doug McDermott,0,0,1,0,0,76,Doug McDermott
Jorge Gutierrez,1,0,0,0,0,13,Jorge Gutierrez
Jarnell Stokes,0,0,0,1,1,26,Jarnell Stokes
Alex Kirk,0,0,0,0,1,17,Alex Kirk
Adreian Payne,0,0,0,1,0,39,Adreian Payne
Dante Exum,1,0,0,0,0,85,Dante Exum
Tyler Ennis,1,0,0,0,0,53,Tyler Ennis
DeMarcus Cousins,0,0,0,0,1,27,DeMarcus Cousins
JaKarr Sampson,0,0,1,0,0,5,JaKarr Sampson
Bryce Cotton,1,0,0,0,0,7,Bryce Cotton
Elijah Millsap,0,1,0,0,0,6,Elijah Millsap
Joe Ingles,0,0,1,0,0,20,Joe Ingles
Rodney Hood,0,1,0,0,0,47,Rodney Hood
Julian Wright,0,0,1,0,0,1,Julian Wright
Noah Vonleh,0,0,0,1,0,62,Noah Vonleh
Aaron Gordon,0,0,0,1,0,62,Aaron Gordon
Cory Jefferson,0,0,0,1,0,13,Cory Jefferson
Damjan Rudez,0,0,1,0,0,20,Damjan Rudez
Jerami Grant,0,0,1,0,0,29,Jerami Grant
Julius Randle,0,0,0,1,0,106,Julius Randle
Langston Galloway,1,0,0,0,0,17,Langston Galloway
Mitch McGary,0,0,0,1,0,51,Mitch McGary
Justise Winslow,0,0,1,0,0,49,Justise Winslow
Tyus Jones,1,0,0,0,0,33,Tyus Jones
Gary Harris,0,1,0,0,0,29,Gary Harris
Nik Stauskas,0,1,0,0,0,77,Nik Stauskas
Nick Johnson,0,1,0,0,0,19,Nick Johnson
Rondae Hollis-Jefferson,0,0,1,0,0,31,Rondae Hollis-Jefferson
Karl-Anthony Towns,0,0,0,0,1,101,Karl-Anthony Towns
Myles Turner,0,0,0,0,1,31,Myles Turner
Trey Lyles,0,0,0,1,0,24,Trey Lyles
James Young,0,1,0,0,0,27,James Young
Tyler Johnson,0,1,0,0,0,11,Tyler Johnson
Delon Wright,1,0,0,0,0,11,Delon Wright
Emmanuel Mudiay,1,0,0,0,0,73,Emmanuel Mudiay
Jerian Grant,1,0,0,0,0,34,Jerian Grant
Mario Hezonja,0,0,1,0,0,35,Mario Hezonja
Sam Dekker,0,0,1,0,0,15,Sam Dekker
James Posey,0,1,1,1,0,5,James Posey
Eric Moreland,0,0,0,1,0,55,Eric Moreland
Clint Capela,0,0,0,0,1,26,Clint Capela
Bruno Caboclo,0,0,1,0,0,12,Bruno Caboclo
Damien Inglis,0,0,1,0,0,9,Damien Inglis
Jabari Brown,0,1,0,0,0,7,Jabari Brown
Johnny O'Bryant,0,0,0,1,0,16,Johnny O'Bryant
Kyle Anderson,0,0,1,0,0,26,Kyle Anderson
Nikola Jokic,0,0,0,0,1,10,Nikola Jokic
Quinton Ross,0,1,1,0,0,5,Quinton Ross
Spencer Dinwiddie,1,0,0,0,0,15,Spencer Dinwiddie
Aaron Harrison,0,1,0,0,0,23,Aaron Harrison
Joe Harris,0,1,0,0,0,16,Joe Harris
Justin Anderson,0,0,1,0,0,17,Justin Anderson
Josh Richardson,0,1,0,0,0,9,Josh Richardson
Norman Powell,0,1,0,0,0,17,Norman Powell
T.J. Warren,0,0,1,0,0,1,T.J. Warren
Adonis Thomas,0,0,1,0,0,4,Adonis Thomas
Cleanthony Early,0,0,1,0,0,17,Cleanthony Early
Anthony Brown,0,0,1,0,0,5,Anthony Brown
Chris McCullough,0,0,0,1,0,7,Chris McCullough
Jarell Martin,0,0,0,1,0,10,Jarell Martin
Jordan Mickey,0,0,0,1,0,18,Jordan Mickey
Joseph Young,1,0,0,0,0,10,Joseph Young
Montrezl Harrell,0,0,0,1,0,12,Montrezl Harrell
Pat Connaughton,0,1,0,0,0,18,Pat Connaughton
R.J. Hunter,0,1,0,0,0,21,R.J. Hunter
Rashad Vaughn,0,1,0,0,0,10,Rashad Vaughn
Terry Rozier,1,0,0,0,0,14,Terry Rozier
Carlos Arroyo,1,1,0,0,0,1,Carlos Arroyo
Etan Thomas,0,0,0,1,1,2,Etan Thomas
Pops Mensah-Bonsu,0,0,0,1,0,1,Pops Mensah-Bonsu
Cameron Bairstow,0,0,0,1,1,8,Cameron Bairstow
Thanasis Antetokounmpo,0,0,1,0,0,11,Thanasis Antetokounmpo
C.J. Wilcox,0,1,0,0,0,12,C.J. Wilcox
Devyn Marble,0,1,0,0,0,10,Devyn Marble
Josh Huestis,0,0,0,1,0,11,Josh Huestis
Lamar Patterson,0,1,0,0,0,11,Lamar Patterson
Walter Tavares,0,0,0,0,1,13,Walter Tavares
Jordan McRae,1,0,0,0,0,9,Jordan McRae
Sasha Vujacic,1,1,0,0,0,8,Sasha Vujacic
Branden Dawson,0,0,0,1,0,27,Branden Dawson
Travis Wear,0,0,1,0,0,5,Travis Wear
Dwight Powell,0,0,0,1,0,38,Dwight Powell
Nemanja Bjelica,0,0,0,1,0,14,Nemanja Bjelica
Darrun Hilliard,0,1,0,0,0,2,Darrun Hilliard
Tim Frazier,1,0,0,0,0,3,Tim Frazier
Kevon Looney,0,0,0,1,0,11,Kevon Looney
Richaun Holmes,0,0,0,1,0,7,Richaun Holmes
K.J. McDaniels,0,1,1,0,0,1,K.J. McDaniels
Shayne Whittington,0,0,0,1,0,6,Shayne Whittington
Boban Marjanovic,0,0,0,0,1,1,Boban Marjanovic
Theo Ratliff,0,0,0,1,1,2,Theo Ratliff
Henry Walker,0,1,1,0,0,8,Henry Walker
David Stockton,1,0,0,0,0,1,David Stockton
Acie Law,1,0,0,0,0,2,Acie Law
Vander Blue,0,1,0,0,0,2,Vander Blue
Salah Mejri,0,0,0,0,1,2,Salah Mejri
Andre Dawkins,0,1,0,0,0,4,Andre Dawkins
Scotty Hopson,0,1,0,0,0,9,Scotty Hopson
Sonny Weems,0,1,1,0,0,3,Sonny Weems
Sean Kilpatrick,0,1,0,0,0,4,Sean Kilpatrick
Chris Babb,0,1,0,0,0,5,Chris Babb
Fabricio Oberto,0,0,0,1,1,6,Fabricio Oberto
Christian Wood,0,0,0,1,0,5,Christian Wood
Briante Weber,1,0,0,0,0,2,Briante Weber
Shane Edwards,0,0,1,0,0,2,Shane Edwards
David Andersen,0,0,0,1,1,1,David Andersen
J.J. O'Brien,0,0,1,0,0,3,J.J. O'Brien
Keith Appling,1,0,0,0,0,1,Keith Appling
Jarell Eddie,0,0,1,0,0,4,Jarell Eddie
Oleksiy Pecherov,0,0,0,0,1,3,Oleksiy Pecherov
Sasha Kaun,0,0,0,0,1,2,Sasha Kaun
Coty Clarke,0,0,1,0,0,1,Coty Clarke
Yakhouba Diawara,0,1,1,0,0,1,Yakhouba Diawara
John Lucas III,1,0,0,0,0,1,John Lucas III
